<query-flat-results xmlns="http://soe.sony.com/guilds/view">
  <property name="result.001.id" value="1727857717617422442"/>
  <property name="result.001.item.icon" value="2229"/>
  <property name="result.001.item.id" value="210"/>
  <property name="result.001.item.knowledge.localizedKnowledges.name" value=""/>
  <property name="result.001.item.name" value="a torch"/>
  <property name="result.001.slotId" value="19"/>
  <property name="result.002.id" value="1753862769044629610"/>
  <property name="result.002.item.icon" value="554"/>
  <property name="result.002.item.id" value="8449"/>
  <property name="result.002.item.knowledge.localizedKnowledges.en.name" value="Magic Affinity"/>
  <property name="result.002.item.name" value="Moth Wing Ring"/>
  <property name="result.002.slotId" value="9"/>
  <property name="result.003.id" value="1724045301762895978"/>
  <property name="result.003.item.icon" value="379"/>
  <property name="result.003.item.id" value="1389"/>
  <property name="result.003.item.knowledge.localizedKnowledges.en.name" value="Magic Affinity"/>
  <property name="result.003.item.name" value="Ohgran's threadbare sash"/>
  <property name="result.003.slotId" value="17"/>
  <property name="result.004.id" value="1756832669016087658"/>
  <property name="result.004.item.icon" value="638"/>
  <property name="result.004.item.id" value="5362"/>
  <property name="result.004.item.knowledge.localizedKnowledges.en.name" value="Great Hammer"/>
  <property name="result.004.item.name" value="Starfall"/>
  <property name="result.004.slotId" value="0"/>
  <property name="result.005.id" value="1732906384718063722"/>
  <property name="result.005.item.icon" value="1561"/>
  <property name="result.005.item.id" value="3663"/>
  <property name="result.005.item.knowledge.localizedKnowledges.en.name" value="Heavy Armor"/>
  <property name="result.005.item.name" value="Hearth Forged Gauntlets"/>
  <property name="result.005.slotId" value="6"/>
  <property name="result.006.id" value="1754171594129824874"/>
  <property name="result.006.item.icon" value="2196"/>
  <property name="result.006.item.id" value="6196"/>
  <property name="result.006.item.knowledge.localizedKnowledges.en.name" value="Magic Affinity"/>
  <property name="result.006.item.name" value="Sian's Bracelet of Adroitness"/>
  <property name="result.006.slotId" value="14"/>
  <property name="result.007.id" value="1735780079600943210"/>
  <property name="result.007.item.icon" value="1564"/>
  <property name="result.007.item.id" value="4763"/>
  <property name="result.007.item.knowledge.localizedKnowledges.en.name" value="Heavy Armor"/>
  <property name="result.007.item.name" value="Hearth Forged Spaulders"/>
  <property name="result.007.slotId" value="4"/>
  <property name="result.008.id" value="1724098264109700202"/>
  <property name="result.008.item.icon" value="1562"/>
  <property name="result.008.item.id" value="5752"/>
  <property name="result.008.item.knowledge.localizedKnowledges.en.name" value="Heavy Armor"/>
  <property name="result.008.item.name" value="Heavy Circlet of the Betrayer"/>
  <property name="result.008.slotId" value="2"/>
  <property name="result.009.id" value="1734582091148047466"/>
  <property name="result.009.item.icon" value="1559"/>
  <property name="result.009.item.id" value="4723"/>
  <property name="result.009.item.knowledge.localizedKnowledges.en.name" value="Heavy Armor"/>
  <property name="result.009.item.name" value="Hearth Forged Boots"/>
  <property name="result.009.slotId" value="8"/>
  <property name="result.010.id" value="1739033173204945002"/>
  <property name="result.010.item.icon" value="1558"/>
  <property name="result.010.item.id" value="7441"/>
  <property name="result.010.item.knowledge.localizedKnowledges.en.name" value="Heavy Armor"/>
  <property name="result.010.item.name" value="Hearth Forged Breastplate"/>
  <property name="result.010.slotId" value="3"/>
  <property name="result.011.id" value="1735984895260402794"/>
  <property name="result.011.item.icon" value="2191"/>
  <property name="result.011.item.id" value="6232"/>
  <property name="result.011.item.knowledge.localizedKnowledges.en.name" value="Magic Affinity"/>
  <property name="result.011.item.name" value="Garden Bracelet"/>
  <property name="result.011.slotId" value="13"/>
  <property name="result.012.id" value="1747905801458126954"/>
  <property name="result.012.item.icon" value="2268"/>
  <property name="result.012.item.id" value="3747"/>
  <property name="result.012.item.knowledge.localizedKnowledges.en.name" value="Kite Shield"/>
  <property name="result.012.item.name" value="Ancient Kite Shield"/>
  <property name="result.012.slotId" value="1"/>
  <property name="result.013.id" value="1731712967881280618"/>
  <property name="result.013.item.icon" value="554"/>
  <property name="result.013.item.id" value="8281"/>
  <property name="result.013.item.knowledge.localizedKnowledges.en.name" value="Magic Affinity"/>
  <property name="result.013.item.name" value="Butterfly Wing Ring"/>
  <property name="result.013.slotId" value="10"/>
  <property name="result.014.id" value="1732906384896321642"/>
  <property name="result.014.item.icon" value="1560"/>
  <property name="result.014.item.id" value="3794"/>
  <property name="result.014.item.knowledge.localizedKnowledges.en.name" value="Heavy Armor"/>
  <property name="result.014.item.name" value="Hearth Forged Bracers"/>
  <property name="result.014.slotId" value="5"/>
  <property name="result.015.id" value="1737528903816200298"/>
  <property name="result.015.item.icon" value="1563"/>
  <property name="result.015.item.id" value="5132"/>
  <property name="result.015.item.knowledge.localizedKnowledges.en.name" value="Heavy Armor"/>
  <property name="result.015.item.name" value="Hearth Forged Greaves"/>
  <property name="result.015.slotId" value="7"/>
  <property name="result.016.id" value="1746411274012465258"/>
  <property name="result.016.item.icon" value="580"/>
  <property name="result.016.item.id" value="8179"/>
  <property name="result.016.item.knowledge.localizedKnowledges.en.name" value="Magic Affinity"/>
  <property name="result.016.item.name" value="Weathered Bone Necklace"/>
  <property name="result.016.slotId" value="12"/>
  <property name="result.017.id" value="1744945387213511786"/>
  <property name="result.017.item.icon" value="583"/>
  <property name="result.017.item.id" value="2788"/>
  <property name="result.017.item.knowledge.localizedKnowledges.en.name" value="Magic Affinity"/>
  <property name="result.017.item.name" value="crystalline rock shard earrings"/>
  <property name="result.017.slotId" value="11"/>
</query-flat-results>

